,last name,first name,age,position,team,faStatus,total-contract,average,name
0,Anthony,Carmelo,33,SF,NYK,UFA,124064681,24812936,carmeloanthony
1,Bledsoe,Eric,27,PG,PHX,RFA,70000000,14000000,ericbledsoe
2,Hayward,Gordon,27,SF,UTH,RFA,62965420,15741355,gordonhayward
3,Gortat,Marcin,33,C,WAS,UFA,60000000,12000000,marcingortat
4,Lowry,Kyle,31,PG,TOR,UFA,48000000,12000000,kylelowry
5,Parsons,Chandler,28,SF,HOU,RFA,46084500,15361500,chandlerparsons
6,James,LeBron,32,SF,MIA,UFA,42217798,21108899,lebronjames
7,Ariza,Trevor,32,SF,WAS,UFA,32000002,8000001,trevorariza
8,Bradley,Avery,26,SG,BOS,RFA,32000000,8000000,averybradley
9,Frye,Channing,34,PF,PHX,UFA,32000000,8000000,channingfrye
10,Wade,Dwyane,35,SG,MIA,UFA,31125000,15562500,dwyanewade
11,Diaw,Boris,35,C,SAS,UFA,28000000,7000000,borisdiaw
12,Thomas,Isaiah,28,PG,SAC,RFA,27000002,6750001,isaiahthomas
13,Nowitzki,Dirk,39,PF,DAL,UFA,25000000,8333333,dirknowitzki
14,Hawes,Spencer,29,PF,CLE,UFA,22652350,5663088,spencerhawes
15,Gasol,Pau,37,PF,LAL,UFA,22346280,7448760,paugasol
16,Young,Nick,32,SF,LAL,UFA,21326174,5331544,nickyoung
17,Deng,Luol,32,SF,CLE,UFA,19866073,9933037,luoldeng
18,Meeks,Jodie,30,SG,LAL,UFA,18810000,6270000,jodiemeeks
19,Patterson,Patrick,28,PF,TOR,RFA,18150001,6050000,patrickpatterson
20,Stephenson,Lance,26,SF,IND,UFA,18000000,9000000,lancestephenson
21,Miles,C.J.,30,SG,CLE,UFA,17955350,4488838,cjmiles
22,Livingston,Shaun,32,PG,BKN,UFA,16631175,5543725,shaunlivingston
23,Harris,Devin,34,PG,DAL,UFA,16562884,4140721,devinharris
24,Williams,Marvin,31,PF,UTH,UFA,14000000,7000000,marvinwilliams
25,Humphries,Kris,32,PF,BOS,UFA,13320000,4440000,krishumphries
26,Vasquez,Greivis,30,PG,TOR,RFA,13000000,6500000,greivisvasquez
27,Mills,Patrick,29,PG,SAS,UFA,13000000,4333333,patrickmills
28,Carter,Vince,40,SG,DAL,UFA,12000000,4000000,vincecarter
29,Sefolosha,Thabo,33,SF,OKC,UFA,12000000,4000000,thabosefolosha
30,Pierce,Paul,39,SF,BKN,UFA,10848725,5424363,paulpierce
31,Andersen,Chris,39,PF,MIA,UFA,10375000,5187500,chrisandersen
32,Morrow,Anthony,32,SG,NOP,UFA,10032000,3344000,anthonymorrow
33,Scott,Mike,29,PF,ATL,RFA,10000000,3333333,mikescott
34,Kaman,Chris,35,C,LAL,UFA,9816000,4908000,chriskaman
35,Booker,Trevor,29,PF,WAS,UFA,9775000,4887500,trevorbooker
36,Hill,Jordan,30,C,LAL,UFA,9000000,9000000,jordanhill
37,Butler,Caron,37,SF,OKC,UFA,9000000,4500000,caronbutler
38,Chalmers,Mario,31,PG,MIA,UFA,8300000,4150000,mariochalmers
39,Mack,Shelvin,27,PG,ATL,RFA,7300000,2433333,shelvinmack
40,Turner,Evan,28,SF,IND,UFA,6703510,3351755,evanturner
41,Bayless,Jerryd,29,PG,BOS,UFA,6000000,3000000,jerrydbayless
42,Blair,DeJaun,28,C,DAL,UFA,6000000,2000000,dejaunblair
43,Augustin,D.J.,29,PG,CHI,UFA,6000000,3000000,djaugustin
44,Miller,Mike,37,SG,MEM,UFA,5586940,2793470,mikemiller
45,Nelson,Jameer,35,PG,ORL,UFA,5586940,2793470,jameernelson
46,Roberts,Brian,31,PG,NOP,UFA,5586940,2793470,brianroberts
47,Hinrich,Kirk,36,SG,CHI,UFA,5586940,2793470,kirkhinrich
48,Haslem,Udonis,37,PF,MIA,UFA,5586940,2793470,udonishaslem
49,Monroe,Greg,27,C,DET,RFA,5479933,5479933,gregmonroe
50,Johnson,James,30,PF,MEM,UFA,5000000,2500000,jamesjohnson
51,Sessions,Ramon,31,PG,MIL,UFA,4247465,2123733,ramonsessions
52,Udrih,Beno,35,PG,MEM,UFA,4247465,2123733,benoudrih
53,Granger,Danny,34,SF,LAC,UFA,4247465,2123733,dannygranger
54,Farmar,Jordan,30,PG,LAL,UFA,4247465,2123733,jordanfarmar
55,Blake,Steve,37,PG,GSW,UFA,4247465,2123733,steveblake
56,Bazemore,Kent,28,SF,LAL,UFA,4000000,2000000,kentbazemore
57,Seraphin,Kevin,27,PF,WAS,RFA,3898691,3898691,kevinseraphin
58,Jerrett,Grant,24,PF,OKC,UFA,3867199,966800,grantjerrett
59,Williams,Mo,34,PG,POR,UFA,3750000,3750000,mowilliams
60,Kelly,Ryan,26,PF,LAL,UFA,3374250,1687125,ryankelly
61,Smith,Jason,31,PF,NOP,UFA,3278000,3278000,jasonsmith
62,Gray,Aaron,32,C,SAC,UFA,2584131,1292066,aarongray
63,Martin,Cartier,32,PF,ATL,UFA,2416650,1208325,cartiermartin
64,Rush,Brandon,32,SG,UTH,UFA,2416649,1208325,brandonrush
65,Temple,Garrett,31,SG,WAS,UFA,2081686,1040843,garretttemple
66,Aminu,Al-Farouq,27,SF,NOP,UFA,2081686,1040843,alfarouqaminu
67,Davis,Ed,28,PF,MEM,UFA,2081686,1040843,eddavis
68,Baynes,Aron,30,PF,SAS,RFA,2077000,2077000,aronbaynes
69,Brand,Elton,38,PF,ATL,UFA,2000000,2000000,eltonbrand
70,Murry,Toure,27,SF,NYK,UFA,2000000,1000000,touremurry
71,Salmons,John,37,SF,ATL,UFA,2000000,2000000,johnsalmons
72,Moore,E'Twaun,28,SG,ORL,UFA,1963584,981792,etwaunmoore
73,Garrett,Diante,28,PG,TOR,UFA,1896591,948296,diantegarrett
74,Miller,Darius,27,SF,NOP,UFA,1896591,948296,dariusmiller
75,Daniels,Troy,26,SG,HOU,RFA,1763758,881879,troydaniels
76,Mohammed,Nazr,39,C,CHI,UFA,1448490,1448490,nazrmohammed
77,Turkoglu,Hedo,38,SF,LAC,UFA,1448490,1448490,hedoturkoglu
78,Barbosa,Leandro,34,SG,PHX,UFA,1448490,1448490,leandrobarbosa
79,Marion,Shawn,39,SF,DAL,UFA,1448490,1448490,shawnmarion
80,Jones,James,36,SG,MIA,UFA,1448490,1448490,jamesjones
81,Pargo,Jannero,37,PG,CHA,UFA,1448490,1448490,janneropargo
82,Bonner,Matt,37,C,SAS,UFA,1448490,1448490,mattbonner
83,Jefferson,Richard,37,SF,UTH,UFA,1448490,1448490,richardjefferson
84,Lewis,Rashard,38,PF,MIA,UFA,1448490,1448490,rashardlewis
85,Gooden,Drew,36,PF,WAS,UFA,1448490,1448490,drewgooden
86,Garcia,Francisco,35,SG,HOU,UFA,1316809,1316809,franciscogarcia
87,Price,Ronnie,34,PG,ORL,UFA,1316809,1316809,ronnieprice
88,Hollins,Ryan,32,C,LAC,UFA,1310286,1310286,ryanhollins
89,Brown,Shannon,31,PG,NYK,UFA,1310286,1310286,shannonbrown
90,Stuckey,Rodney,31,PG,DET,UFA,1227985,1227985,rodneystuckey
91,Davis,Glen,31,PF,LAC,UFA,1227985,1227985,glendavis
92,Brooks,Aaron,32,PG,DEN,UFA,1145685,1145685,aaronbrooks
93,Henry,Xavier,26,SG,LAL,UFA,1082000,1082000,xavierhenry
94,Thabeet,Hasheem,30,C,PHI,UFA,1063384,1063384,hasheemthabeet
95,Ellington,Wayne,29,SG,SAC,UFA,1063384,1063384,wayneellington
96,Casspi,Omri,29,SF,NOP,UFA,1063384,1063384,omricasspi
97,Udoh,Ekpe,29,PF,MIL,UFA,981084,981084,ekpeudoh
98,Johnson,Wesley,30,SG,LAL,UFA,981084,981084,wesleyjohnson
99,Smith,Ishmael,29,PG,PHX,UFA,981084,981084,ishmaelsmith
100,Adrien,Jeff,31,SF,MIL,UFA,981084,981084,jeffadrien
101,Aldrich,Cole,28,C,NYK,UFA,981084,981084,colealdrich
102,Douglas-Roberts,Chris,30,SG,CHA,UFA,948163,948163,chrisdouglasroberts
103,Hamilton,Jordan,26,SF,HOU,UFA,948163,948163,jordanhamilton
104,Fredette,Jimmer,28,PG,CHI,UFA,948163,948163,jimmerfredette
105,Allen,LaVoy,28,PF,IND,UFA,948163,948163,lavoyallen
106,James,Bernard,32,C,DAL,UFA,915243,915243,bernardjames
107,Hummel,Robbie,28,SF,MIN,UFA,880000,880000,robbiehummel
108,Siva,Peyton,26,PG,DET,UFA,816482,816482,peytonsiva
109,Thomas,Adonis,24,SF,PHI,RFA,816482,816482,adonisthomas
